{
  "config": {
    "shrink": 0.4,
    "wlin": 0.7,
    "sint": 3.0,
    "sslo": 0.01,
    "w_state": 0.36,
    "n_train": 444
  },
  "cohort_fit": {
    "n": 10,
    "mean_ms": 1.2265906999346043,
    "p50_ms": 1.2889279996670666,
    "p95_ms": 1.3816030004818458,
    "p99_ms": 1.3816030004818458,
    "min_ms": 0.9841439996307599,
    "max_ms": 1.3816030004818458
  },
  "single_prediction": {
    "n": 1000,
    "mean_ms": 0.004561936994832649,
    "p50_ms": 0.003977999767812435,
    "p95_ms": 0.005610999323835131,
    "p99_ms": 0.008566000360588077,
    "min_ms": 0.003907999598595779,
    "max_ms": 0.0397849998989841
  },
  "snapshot_regen": {
    "n": 20,
    "mean_ms": 0.07091150009728153,
    "p50_ms": 0.0687790006850264,
    "p95_ms": 0.09790400054043857,
    "p99_ms": 0.09790400054043857,
    "min_ms": 0.06277800002862932,
    "max_ms": 0.09790400054043857
  },
  "api_endpoints": {
    "/api/v1/politica/health": {
      "n": 50,
      "mean_ms": 5.2108841199515155,
      "p50_ms": 4.881175000264193,
      "p95_ms": 7.790346000547288,
      "p99_ms": 8.66823900014424,
      "min_ms": 3.5086200005025603,
      "max_ms": 8.66823900014424
    },
    "/api/v1/politica/elections": {
      "n": 50,
      "mean_ms": 7.86201858007189,
      "p50_ms": 5.97579700024653,
      "p95_ms": 14.528058999530913,
      "p99_ms": 49.337404000652896,
      "min_ms": 3.850443000374071,
      "max_ms": 49.337404000652896
    },
    "/api/v1/politica/predictions/presidente": {
      "n": 50,
      "mean_ms": 10.582968720045756,
      "p50_ms": 8.521773999746074,
      "p95_ms": 22.142142999655334,
      "p99_ms": 46.2883399995917,
      "min_ms": 4.881406000095012,
      "max_ms": 46.2883399995917
    },
    "/api/v1/politica/predictions/governador?uf=SP": {
      "n": 50,
      "mean_ms": 6.67530219998298,
      "p50_ms": 6.141118999948958,
      "p95_ms": 12.30989000032423,
      "p99_ms": 13.291960000060499,
      "min_ms": 4.2831089995161165,
      "max_ms": 13.291960000060499
    },
    "/api/v1/politica/predictions/senador": {
      "n": 50,
      "mean_ms": 7.29010967999784,
      "p50_ms": 6.939614000657457,
      "p95_ms": 10.108132999448571,
      "p99_ms": 23.35018800022226,
      "min_ms": 4.225399999995716,
      "max_ms": 23.35018800022226
    },
    "/api/v1/politica/backtest": {
      "n": 50,
      "mean_ms": 14.594266620151757,
      "p50_ms": 14.509213000565069,
      "p95_ms": 18.863876000068558,
      "p99_ms": 19.603180000558496,
      "min_ms": 11.174090999702457,
      "max_ms": 19.603180000558496
    },
    "/api/v1/politica/predict (POST)": {
      "n": 50,
      "mean_ms": 7.128119159970083,
      "p50_ms": 7.040643999971508,
      "p95_ms": 10.086401000080514,
      "p99_ms": 10.303711000233307,
      "min_ms": 5.3515509998760535,
      "max_ms": 10.303711000233307
    }
  }
}