{
  "config": {
    "stein_shrink": 0.4,
    "w_linzer": 0.7,
    "w_state": 0.36,
    "sigma_int": 3.0,
    "sigma_slope": 0.01,
    "n_perm": 1000,
    "seed": 42
  },
  "n_events": 394,
  "n_pairs": 101,
  "observed": {
    "acc_baseline": 0.9187817258883249,
    "acc_mrp": 0.9720812182741116,
    "gain": 0.053299492385786795
  },
  "permutation_null": {
    "mean_gain": -0.002182741116751271,
    "sd_gain": 0.014995769284925006,
    "z_score": 3.699859103481501,
    "p_value_two_sided": 0.000999000999000999,
    "n_more_extreme": 0,
    "n_perm": 1000
  }
}